
INSERT INTO `cancellations` (`id`, `show_id`, `chair_num`, `userCreated`, `created_at`, `updated_at`) VALUES
(1, 1, 13, 1, '2022-05-18 18:46:56', '2022-05-18 18:46:56'),
(2, 1, 13, 1, '2022-05-18 18:57:27', '2022-05-18 18:57:27'),
(3, 1, 13, 1, '2022-05-18 18:58:04', '2022-05-18 18:58:04');

-- --------------------------------------------------------


INSERT INTO `films` (`id`, `name`, `ticket_price`, `created_at`, `updated_at`) VALUES
(1, 'من اجل زيكو', '100.00', '2022-05-17 11:32:44', '2022-05-17 11:32:44'),
(2, 'العنكبوت', '125.00', '2022-05-17 11:32:58', '2022-05-17 11:32:58'),
(3, 'واحد تاني', '125.00', '2022-05-17 11:33:06', '2022-05-17 11:33:06'),
(4, 'اشباح اوروبا', '150.00', '2022-05-17 11:33:30', '2022-05-17 11:33:30'),
(5, 'زومبي', '150.00', '2022-05-17 11:33:39', '2022-05-17 11:33:39');

-- --------------------------------------------------------


INSERT INTO `migrations` (`id`, `migration`, `batch`) VALUES
(5, '2022_05_17_093138_create_reservitions_table', 2),
(8, '2022_05_17_094522_create_shows_table', 2),
(18, '2022_05_17_094522_create_show_table', 3),
(36, '2014_10_12_000000_create_users_table', 4),
(37, '2014_10_12_100000_create_password_resets_table', 4),
(38, '2019_08_19_000000_create_failed_jobs_table', 4),
(39, '2019_12_14_000001_create_personal_access_tokens_table', 4),
(40, '2022_05_17_093138_create_reservation_table', 4),
(41, '2022_05_17_093300_create_rooms_table', 4),
(42, '2022_05_17_093326_create_films_table', 4),
(43, '2022_05_17_131637_create_shows_table', 4),
(44, '2022_05_17_093138_create_reservations_table', 5),
(45, '2022_05_17_144336_create_reservations_table', 6),
(46, '2022_05_18_200444_create_cancellations_table', 7);

-- --------------------------------------------------------



INSERT INTO `personal_access_tokens` (`id`, `tokenable_type`, `tokenable_id`, `name`, `token`, `abilities`, `last_used_at`, `created_at`, `updated_at`) VALUES
(1, 'App\\Models\\User', 1, 'myapptoken', '221f85d3b367e68c718c72235cf322e3025a85d92c908b25410701711604063d', '[\"*\"]', '2022-05-18 20:43:14', '2022-05-17 11:31:07', '2022-05-18 20:43:14');

-- --------------------------------------------------------


INSERT INTO `reservations` (`id`, `show_id`, `chair_num`, `created_at`, `updated_at`) VALUES
(1, 1, 1, '2022-05-17 13:30:42', '2022-05-17 13:30:42'),
(2, 1, 2, '2022-05-17 13:33:18', '2022-05-17 13:33:18'),
(3, 1, 12, '2022-05-18 02:45:06', '2022-05-18 02:45:06'),
(4, 1, 8, '2022-05-18 09:22:44', '2022-05-18 09:22:44'),
(5, 2, 1, '2022-05-18 09:31:44', '2022-05-18 09:31:44'),
(6, 2, 7, '2022-05-18 09:42:29', '2022-05-18 09:42:29'),
(7, 2, 8, '2022-05-18 10:57:21', '2022-05-18 10:57:21'),
(8, 2, 10, '2022-05-18 11:29:52', '2022-05-18 11:29:52'),
(9, 2, 39, '2022-05-18 11:30:24', '2022-05-18 11:30:24'),
(10, 2, 6, '2022-05-18 11:32:15', '2022-05-18 11:32:15'),
(11, 2, 37, '2022-05-18 11:32:37', '2022-05-18 11:32:37'),
(12, 2, 11, '2022-05-18 11:43:30', '2022-05-18 11:43:30'),
(13, 1, 32, '2022-05-18 12:06:22', '2022-05-18 12:06:22'),
(14, 1, 11, '2022-05-18 17:58:45', '2022-05-18 17:58:45'),
(15, 1, 35, '2022-05-18 17:59:54', '2022-05-18 17:59:54'),
(16, 1, 50, '2022-05-18 18:29:36', '2022-05-18 18:29:36'),
(17, 2, 40, '2022-05-18 18:32:37', '2022-05-18 18:32:37'),
(18, 4, 22, '2022-05-18 18:34:37', '2022-05-18 18:34:37'),
(19, 4, 39, '2022-05-18 18:34:43', '2022-05-18 18:34:43');

-- --------------------------------------------------------


INSERT INTO `rooms` (`id`, `name`, `capacity`, `created_at`, `updated_at`) VALUES
(1, 'A1', 50, '2022-05-17 11:34:20', '2022-05-17 11:34:20'),
(2, 'A2', 50, '2022-05-17 11:34:24', '2022-05-17 11:34:24'),
(3, 'A3', 50, '2022-05-17 11:34:28', '2022-05-17 11:34:28'),
(4, 'B1', 60, '2022-05-17 11:34:37', '2022-05-17 11:34:37'),
(5, 'B2', 60, '2022-05-17 11:34:41', '2022-05-17 11:34:41'),
(6, 'B3', 60, '2022-05-17 11:34:44', '2022-05-17 11:34:44');

-- --------------------------------------------------------



INSERT INTO `shows` (`id`, `film_id`, `room_id`, `movie_date_time`, `created_at`, `updated_at`) VALUES
(1, 1, 1, '2022-05-19 12:00:00', '2022-05-17 11:31:20', '2022-05-17 11:31:20'),
(2, 2, 3, '2022-05-19 12:00:00', '2022-05-17 11:36:11', '2022-05-17 11:36:11'),
(3, 1, 4, '2022-05-19 12:00:00', '2022-05-17 18:38:43', '2022-05-17 18:38:43'),
(4, 1, 4, '2022-05-19 12:00:00', '2022-05-17 18:39:24', '2022-05-17 18:39:24');

-- --------------------------------------------------------


INSERT INTO `users` (`id`, `name`, `email`, `email_verified_at`, `password`, `remember_token`, `created_at`, `updated_at`) VALUES
(1, 'gerges', 'gerges@gerges.com', NULL, '$2y$10$kOBY1BCIJ479gM3oUjGs6Owkk7.CaPHjVkK14IMs4sjmCU1Lzu0Im', NULL, '2022-05-17 11:31:07', '2022-05-17 11:31:07');
